{
  "controller/App.controller.js.map": 1754584844113,
  "Component.js": 1754463975989,
  "controller/App.controller.js": 1754463976001,
  "manifest.json": 1754470248007,
  "model/models.js": 1754463975997,
  "controller/App-dbg.controller.js": 1754463976001,
  "i18n/i18n.properties": 1754463999453,
  "Component-dbg.js": 1754463975989,
  "Component.js.map": 1754584844119,
  "model/models-dbg.js": 1754463975997,
  "model/models.js.map": 1754584844114,
  "Component-preload.js": 1754584844227,
  "Component-preload.js.map": 1754584844227,
  "view/App.view.xml": 1754463976005,
  "css/style.css": 1754463976005,
  "index.html": 1754463975993
}