{
  "view/App.view.xml": 1754463976005,
  "manifest.json": 1754464401802,
  "controller/App.controller.js": 1754463976001,
  "model/models.js": 1754463975997,
  "Component.js": 1754463975989,
  "model/models-dbg.js": 1754463975997,
  "model/models.js.map": 1754469878944,
  "controller/App-dbg.controller.js": 1754463976001,
  "controller/App.controller.js.map": 1754469878943,
  "Component-dbg.js": 1754463975989,
  "Component.js.map": 1754469879005,
  "Component-preload.js": 1754469883192,
  "Component-preload.js.map": 1754469883192,
  "i18n/i18n.properties": 1754463999453,
  "css/style.css": 1754463976005,
  "index.html": 1754463975993
}